{
  "communication_stations": {
    "1120": {
      "pos": [
        232,
        135
      ],
      "radar": {
        "90": 2.7485346344078607
      }
    },
    "2537": {
      "pos": [
        -120,
        2
      ],
      "radar": {
        "90": 0.5539248919605597
      }
    }
  },
  "ship_connections": {
    "90": [
      90
    ]
  }
}