{
  "1": {
    "pos": [
      0,
      0     
    ],
    "radar": {
      "1": 1.5707963268
    }
  },
  "2": {
    "pos": [
      100,
      1
    ],
    "radar": {
      "1": 2.3561944902
    }
  }
}